-- BANK_INFO


INSERT INTO BANK_INFO(IFSC_CODE,BANK_NAME,BRANCH_NAME)VALUES('HDVL0012','HDFC','VALASARAVAKKAM');
INSERT INTO BANK_INFO(IFSC_CODE,BANK_NAME,BRANCH_NAME) VALUES('SBITN0123','SBI','TNAGAR');
INSERT INTO BANK_INFO(IFSC_CODE,BANK_NAME,BRANCH_NAME) VALUES('ICITN0232','ICICI','TNAGAR');
INSERT INTO BANK_INFO(IFSC_CODE,BANK_NAME,BRANCH_NAME) VALUES('ICIPG0242','ICICI','PERUNGUDI');
INSERT INTO BANK_INFO(IFSC_CODE,BANK_NAME,BRANCH_NAME) VALUES('SBISD0113','SBI','SAIDAPET');

-- CUSTOMER_PERSONAL_INFO

INSERT INTO CUSTOMER_PERSONAL_INFO(CUSTOMER_ID,CUSTOMER_NAME,DATE_OF_BIRTH,GUARDIAN_NAME,ADDRESS,CONTACT_NO,MAIL_ID,GENDER,MARITAL_STATUS,IDENTIFICATION_DOC_TYPE,ID_DOC_NO,CITIZENSHIP) VALUES('C-001','JOHN','05-MAY-1984','PETER','NO.14, ST.MARKS ROAD,BANGALORE',9734526719,'JOHN_123@gmail.com','M','SINGLE','PASSPORT','PASS123','INDIAN');
INSERT INTO CUSTOMER_PERSONAL_INFO(CUSTOMER_ID,CUSTOMER_NAME,DATE_OF_BIRTH,GUARDIAN_NAME,ADDRESS,CONTACT_NO,MAIL_ID,GENDER,MARITAL_STATUS,IDENTIFICATION_DOC_TYPE,ID_DOC_NO,CITIZENSHIP) VALUES('C-002','JAMES','06-08-1984','GEORGE','NO.18, MG ROAD,BANGALORE',9237893481,'JAMES_123@gmail.com','M','MARRIED','PASSPORT','PASS124','INDIAN');
INSERT INTO CUSTOMER_PERSONAL_INFO(CUSTOMER_ID,CUSTOMER_NAME,DATE_OF_BIRTH,GUARDIAN_NAME,ADDRESS,CONTACT_NO,MAIL_ID,GENDER,MARITAL_STATUS,IDENTIFICATION_DOC_TYPE,ID_DOC_NO,CITIZENSHIP) VALUES('C-003','SUNITHA','06-11-1984','VINOD','NO.21, GM ROAD,CHENNAI',9438978389,'SUNITHA_123@gmail.com','F','SINGLE','VOTER-ID','GMV1234','INDIAN');
INSERT INTO CUSTOMER_PERSONAL_INFO(CUSTOMER_ID,CUSTOMER_NAME,DATE_OF_BIRTH,GUARDIAN_NAME,ADDRESS,CONTACT_NO,MAIL_ID,GENDER,MARITAL_STATUS,IDENTIFICATION_DOC_TYPE,ID_DOC_NO,CITIZENSHIP) VALUES('C-004','RAMESH','11-12-1985','KRISHNAN','NO.14,LB ROAD,CHENNAI',9235234534,'RAMESH_123@gmail.com','M','MARRIED','PASSPORT','PASS125','INDIAN');
INSERT INTO CUSTOMER_PERSONAL_INFO(CUSTOMER_ID,CUSTOMER_NAME,DATE_OF_BIRTH,GUARDIAN_NAME,ADDRESS,CONTACT_NO,MAIL_ID,GENDER,MARITAL_STATUS,IDENTIFICATION_DOC_TYPE,ID_DOC_NO,CITIZENSHIP) VALUES('C-005','KUMAR','26-04-1983','KIRAN','NO.18,MM ROAD,BANGALORE',9242342312,'KUMAR_123@gmail.com','M','SINGLE','PASSPORT','PASS126','INDIAN');



-- CUSTOMER_REFERENCE_INFO

INSERT INTO CUSTOMER_REFERENCE_INFO(CUSTOMER_ID,REFERENCE_ACC_NAME,REFERENCE_ACC_NO,REFERENCE_ACC_ADDRESS,RELATION) VALUES('C-001','RAM',0987654321122345,'NO.11,BRIGRADE ROAD,BANGALORE','FRIEND');
INSERT INTO CUSTOMER_REFERENCE_INFO(CUSTOMER_ID,REFERENCE_ACC_NAME,REFERENCE_ACC_NO,REFERENCE_ACC_ADDRESS,RELATION) VALUES('C-002','RAGHUL',0987654321122346,'NO.21,CUNNGHAM ROAD,BANGALORE','FRIEND');
INSERT INTO CUSTOMER_REFERENCE_INFO(CUSTOMER_ID,REFERENCE_ACC_NAME,REFERENCE_ACC_NO,REFERENCE_ACC_ADDRESS,RELATION) VALUES('C-003','GOKUL',0987654321122357,'NO.12,OMR,CHENNAI','NEIGHBOUR');
INSERT INTO CUSTOMER_REFERENCE_INFO(CUSTOMER_ID,REFERENCE_ACC_NAME,REFERENCE_ACC_NO,REFERENCE_ACC_ADDRESS,RELATION) VALUES('C-004','RAHMAN',0987654321122348,'NO.35,ECR,CHENNAI','FRIEND');
INSERT INTO CUSTOMER_REFERENCE_INFO(CUSTOMER_ID,REFERENCE_ACC_NAME,REFERENCE_ACC_NO,REFERENCE_ACC_ADDRESS,RELATION) VALUES('C-005','VIVEK',0987654321122359,'NO.78,JAYA NAGAR,BANGALORE','NEIGHBOUR');


-- ACCOUNT_INFO


INSERT INTO ACCOUNT_INFO(ACCOUNT_NO,CUSTOMER_ID,ACCOUNT_TYPE,REGISTRATION_DATE,ACTIVATION_DATE,IFSC_CODE,INTEREST, INITIAL_DEPOSIT) VALUES(1234567898765432,'C-001','SAVINGS','23-02-2012','18-02-2012','HDVL0012',5,10000); 
INSERT INTO ACCOUNT_INFO(ACCOUNT_NO,CUSTOMER_ID,ACCOUNT_TYPE,REGISTRATION_DATE,ACTIVATION_DATE,IFSC_CODE,INTEREST, INITIAL_DEPOSIT) VALUES(1234567898765433,'C-002','SALARY','12-03-2012','17-03-2012','SBITN0123',6,0 ); 
INSERT INTO ACCOUNT_INFO(ACCOUNT_NO,CUSTOMER_ID,ACCOUNT_TYPE,REGISTRATION_DATE,ACTIVATION_DATE,IFSC_CODE,INTEREST, INITIAL_DEPOSIT) VALUES(1234567898765434,'C-003','SAVINGS','15-03-2012','20-03-2012','ICITN0232',4,16000 ); 
INSERT INTO ACCOUNT_INFO(ACCOUNT_NO,CUSTOMER_ID,ACCOUNT_TYPE,REGISTRATION_DATE,ACTIVATION_DATE,IFSC_CODE,INTEREST, INITIAL_DEPOSIT) VALUES(1234567898765435,'C-004','SALARY','05-04-2012','10-04-2012','HDVL0012',7,0);
INSERT INTO ACCOUNT_INFO(ACCOUNT_NO,CUSTOMER_ID,ACCOUNT_TYPE,REGISTRATION_DATE,ACTIVATION_DATE,IFSC_CODE,INTEREST, INITIAL_DEPOSIT) VALUES(1234567898765436,'C-005','SAVINGS','12-04-2012','17-04-2012','SBISD0113',8,20000); 
